epoch,train_loss,test_loss,precision,recall,f1,accuracy,learning_rate,kernel_sizes
1,0.9209,1.0328,0.9429,0.3659,0.5272,0.952,8e-05,"[[1, 1, 1]]"
2,0.7616,0.6231,0.6432,0.6275,0.6352,0.947,8e-05,"[[1, 1, 1]]"
3,0.7282,0.9426,0.8063,0.4523,0.5795,0.952,8e-05,"[[1, 1, 1]]"
4,0.7148,0.9316,0.9052,0.4235,0.577,0.954,8e-05,"[[1, 1, 1]]"
5,0.6964,0.5439,0.6804,0.694,0.6872,0.954,8e-05,"[[1, 1, 1]]"
6,0.6839,0.5079,0.3962,0.796,0.5291,0.896,8e-05,"[[1, 1, 1]]"
7,0.6724,0.4917,0.3537,0.8226,0.4947,0.877,8e-05,"[[1, 1, 1]]"
8,0.6609,0.5988,0.2015,0.8847,0.3283,0.734,8e-05,"[[1, 1, 1]]"
9,0.6413,0.6256,0.8088,0.5721,0.6701,0.959,8e-05,"[[1, 1, 1]]"
10,0.6344,0.5747,0.2156,0.8692,0.3455,0.758,8e-05,"[[1, 1, 1]]"
11,0.6211,0.4875,0.3124,0.8492,0.4568,0.852,4e-05,"[[1, 1, 1]]"
12,0.6167,0.4727,0.4733,0.7849,0.5905,0.92,4e-05,"[[1, 1, 1]]"
13,0.6032,0.5058,0.285,0.8581,0.4279,0.832,4e-05,"[[1, 1, 1]]"
14,0.6066,0.4877,0.3178,0.847,0.4622,0.855,4e-05,"[[1, 1, 1]]"
15,0.6,0.4882,0.3669,0.8248,0.5078,0.883,4e-05,"[[1, 1, 1]]"
16,0.6038,0.6114,0.1886,0.9135,0.3126,0.705,4e-05,"[[1, 1, 1]]"
17,0.5836,0.6136,0.1885,0.9024,0.3119,0.708,2e-05,"[[1, 1, 1]]"
18,0.5854,0.5675,0.2064,0.8914,0.3351,0.741,2e-05,"[[1, 1, 1]]"
19,0.5797,0.8548,0.143,0.9557,0.2487,0.577,2e-05,"[[1, 1, 1]]"
20,0.5849,0.5099,0.3419,0.8293,0.4841,0.87,2e-05,"[[1, 1, 1]]"
1,0.6751,0.2645,0.7296,0.8736,0.7952,0.967,8e-05,"[[100, 50, 25]]"
2,0.3508,0.3422,0.8929,0.7761,0.8304,0.977,8e-05,"[[100, 50, 25]]"
3,0.3048,0.1763,0.7322,0.9335,0.8207,0.97,8e-05,"[[100, 50, 25]]"
4,0.2837,0.2019,0.6625,0.9357,0.7757,0.96,8e-05,"[[100, 50, 25]]"
5,0.2629,0.2329,0.4638,0.98,0.6296,0.915,8e-05,"[[100, 50, 25]]"
6,0.2599,0.2845,0.4097,0.9756,0.577,0.895,8e-05,"[[100, 50, 25]]"
7,0.2546,0.1875,0.7578,0.9157,0.8293,0.972,8e-05,"[[100, 50, 25]]"
8,0.2388,0.1834,0.6609,0.9379,0.7754,0.96,4e-05,"[[100, 50, 25]]"
9,0.2199,0.1597,0.7038,0.9534,0.8098,0.967,4e-05,"[[100, 50, 25]]"
10,0.2216,0.1511,0.6556,0.9667,0.7814,0.96,4e-05,"[[100, 50, 25]]"
11,0.2073,0.1572,0.6426,0.969,0.7728,0.958,4e-05,"[[100, 50, 25]]"
12,0.2062,0.1594,0.572,0.9867,0.7242,0.945,4e-05,"[[100, 50, 25]]"
13,0.2005,0.1895,0.7757,0.9047,0.8352,0.974,4e-05,"[[100, 50, 25]]"
14,0.1972,0.1601,0.6072,0.9734,0.7479,0.952,4e-05,"[[100, 50, 25]]"
15,0.1951,0.1661,0.6667,0.949,0.7832,0.961,4e-05,"[[100, 50, 25]]"
16,0.1923,0.1359,0.7461,0.9512,0.8363,0.973,4e-05,"[[100, 50, 25]]"
17,0.1958,0.2083,0.7886,0.8936,0.8378,0.975,4e-05,"[[100, 50, 25]]"
18,0.186,0.2276,0.8489,0.847,0.8479,0.978,4e-05,"[[100, 50, 25]]"
19,0.1799,0.196,0.7861,0.9047,0.8412,0.975,4e-05,"[[100, 50, 25]]"
20,0.1743,0.1937,0.7319,0.9202,0.8153,0.969,4e-05,"[[100, 50, 25]]"
1,0.7519,0.4086,0.2952,0.9778,0.4535,0.827,8e-05,"[[200, 100, 50]]"
2,0.4229,0.304,0.4636,0.9313,0.619,0.916,8e-05,"[[200, 100, 50]]"
3,0.3585,0.3391,0.3507,0.9978,0.519,0.864,8e-05,"[[200, 100, 50]]"
4,0.3268,0.2648,0.3906,0.9933,0.5607,0.886,8e-05,"[[200, 100, 50]]"
5,0.3049,0.2573,0.6867,0.8847,0.7733,0.962,8e-05,"[[200, 100, 50]]"
6,0.289,0.3385,0.3587,0.9933,0.5271,0.869,8e-05,"[[200, 100, 50]]"
7,0.2708,0.1864,0.6152,0.9534,0.7478,0.953,8e-05,"[[200, 100, 50]]"
8,0.2735,0.3282,0.7328,0.8271,0.7771,0.965,8e-05,"[[200, 100, 50]]"
9,0.257,0.1883,0.6609,0.9379,0.7754,0.96,8e-05,"[[200, 100, 50]]"
10,0.2518,0.2499,0.7955,0.8714,0.8317,0.974,8e-05,"[[200, 100, 50]]"
11,0.241,0.1834,0.6125,0.9534,0.7459,0.952,8e-05,"[[200, 100, 50]]"
12,0.23,0.1771,0.5464,0.98,0.7016,0.939,8e-05,"[[200, 100, 50]]"
13,0.2354,0.2042,0.4967,0.9933,0.6622,0.926,8e-05,"[[200, 100, 50]]"
14,0.2407,0.1817,0.673,0.9357,0.7829,0.962,8e-05,"[[200, 100, 50]]"
15,0.227,0.2036,0.7204,0.9024,0.8012,0.967,8e-05,"[[200, 100, 50]]"
16,0.227,0.2572,0.6613,0.9091,0.7656,0.959,4e-05,"[[200, 100, 50]]"
17,0.2008,0.165,0.6734,0.9557,0.7901,0.963,4e-05,"[[200, 100, 50]]"
18,0.1883,0.1344,0.6687,0.9712,0.792,0.963,4e-05,"[[200, 100, 50]]"
19,0.184,0.2252,0.6809,0.9224,0.7834,0.963,4e-05,"[[200, 100, 50]]"
20,0.1886,0.1916,0.6797,0.9224,0.7827,0.962,4e-05,"[[200, 100, 50]]"
1,0.7902,0.4744,0.3014,0.969,0.4598,0.833,8e-05,"[[300, 150, 75]]"
2,0.4974,0.3484,0.5213,0.8426,0.6441,0.932,8e-05,"[[300, 150, 75]]"
3,0.3768,0.2764,0.4529,0.9601,0.6155,0.912,8e-05,"[[300, 150, 75]]"
4,0.3436,0.3353,0.3584,0.9933,0.5267,0.869,8e-05,"[[300, 150, 75]]"
5,0.3359,0.249,0.6624,0.918,0.7695,0.96,8e-05,"[[300, 150, 75]]"
6,0.3075,0.3967,0.297,0.9956,0.4575,0.827,8e-05,"[[300, 150, 75]]"
7,0.2988,0.2959,0.4488,0.9424,0.608,0.911,8e-05,"[[300, 150, 75]]"
8,0.2935,0.2315,0.6089,0.9357,0.7378,0.951,8e-05,"[[300, 150, 75]]"
9,0.285,0.2351,0.4885,0.9933,0.655,0.923,8e-05,"[[300, 150, 75]]"
10,0.2691,0.1914,0.6344,0.9579,0.7633,0.956,8e-05,"[[300, 150, 75]]"
11,0.2614,0.3723,0.323,0.9978,0.4881,0.846,4e-05,"[[300, 150, 75]]"
12,0.2341,0.183,0.6396,0.9446,0.7628,0.957,4e-05,"[[300, 150, 75]]"
13,0.2319,0.1821,0.7033,0.9512,0.8087,0.967,4e-05,"[[300, 150, 75]]"
14,0.2315,0.1893,0.5373,0.9734,0.6924,0.937,4e-05,"[[300, 150, 75]]"
15,0.223,0.1699,0.6756,0.9512,0.7901,0.963,4e-05,"[[300, 150, 75]]"
16,0.2218,0.2006,0.7206,0.9091,0.8039,0.967,4e-05,"[[300, 150, 75]]"
17,0.22,0.1646,0.6692,0.9601,0.7887,0.962,4e-05,"[[300, 150, 75]]"
18,0.216,0.1675,0.7262,0.9468,0.8219,0.97,4e-05,"[[300, 150, 75]]"
19,0.2177,0.1752,0.6719,0.9401,0.7837,0.962,4e-05,"[[300, 150, 75]]"
20,0.2072,0.2762,0.5065,0.9534,0.6615,0.928,4e-05,"[[300, 150, 75]]"
1,0.7862,0.5228,0.2356,0.9579,0.3781,0.769,8e-05,"[[400, 200, 100]]"
2,0.5307,0.2965,0.5496,0.9091,0.685,0.939,8e-05,"[[400, 200, 100]]"
3,0.3931,0.2977,0.678,0.8404,0.7505,0.959,8e-05,"[[400, 200, 100]]"
4,0.3534,0.2197,0.6148,0.9379,0.7428,0.952,8e-05,"[[400, 200, 100]]"
5,0.3245,0.2688,0.4838,0.929,0.6363,0.922,8e-05,"[[400, 200, 100]]"
6,0.3339,0.9451,0.1704,1.0,0.2912,0.643,8e-05,"[[400, 200, 100]]"
7,0.3119,0.1963,0.6105,0.9557,0.745,0.952,8e-05,"[[400, 200, 100]]"
8,0.2922,0.2343,0.724,0.8958,0.8008,0.967,8e-05,"[[400, 200, 100]]"
9,0.2926,0.3433,0.3628,0.9933,0.5314,0.872,8e-05,"[[400, 200, 100]]"
10,0.2638,0.2368,0.5006,0.9645,0.6591,0.927,8e-05,"[[400, 200, 100]]"
11,0.2631,0.3789,0.8532,0.7472,0.7967,0.972,8e-05,"[[400, 200, 100]]"
12,0.2777,0.2178,0.6946,0.8825,0.7773,0.963,8e-05,"[[400, 200, 100]]"
13,0.2504,0.3432,0.4163,0.9712,0.5828,0.898,8e-05,"[[400, 200, 100]]"
14,0.2574,0.1895,0.6927,0.9246,0.792,0.964,4e-05,"[[400, 200, 100]]"
15,0.2121,0.195,0.5179,0.9933,0.6809,0.932,4e-05,"[[400, 200, 100]]"
16,0.2192,0.2278,0.5529,0.9379,0.6957,0.94,4e-05,"[[400, 200, 100]]"
17,0.207,0.1985,0.6443,0.9357,0.7631,0.957,4e-05,"[[400, 200, 100]]"
18,0.2131,0.175,0.5883,0.9601,0.7296,0.948,4e-05,"[[400, 200, 100]]"
19,0.212,0.1987,0.5504,0.969,0.702,0.94,4e-05,"[[400, 200, 100]]"
20,0.1948,0.2244,0.5068,0.9911,0.6707,0.929,2e-05,"[[400, 200, 100]]"
1,0.8656,0.5154,0.3112,0.8426,0.4545,0.852,8e-05,"[[500, 250, 125]]"
2,0.6134,0.3959,0.3795,0.8936,0.5327,0.885,8e-05,"[[500, 250, 125]]"
3,0.4619,0.7177,0.1845,0.9978,0.3114,0.676,8e-05,"[[500, 250, 125]]"
4,0.4287,0.4069,0.6629,0.7849,0.7188,0.955,8e-05,"[[500, 250, 125]]"
5,0.3536,0.2913,0.4247,0.9756,0.5918,0.901,8e-05,"[[500, 250, 125]]"
6,0.3361,0.27,0.4846,0.9401,0.6395,0.922,8e-05,"[[500, 250, 125]]"
7,0.3206,0.3614,0.345,0.9823,0.5107,0.862,8e-05,"[[500, 250, 125]]"
8,0.2978,0.2377,0.623,0.9268,0.7451,0.953,8e-05,"[[500, 250, 125]]"
9,0.2901,0.228,0.4927,0.9712,0.6537,0.925,8e-05,"[[500, 250, 125]]"
10,0.2815,0.1951,0.6003,0.9623,0.7394,0.95,8e-05,"[[500, 250, 125]]"
11,0.2761,0.2588,0.5513,0.929,0.692,0.939,8e-05,"[[500, 250, 125]]"
12,0.2702,0.1846,0.5875,0.9601,0.729,0.948,8e-05,"[[500, 250, 125]]"
13,0.273,0.1817,0.6042,0.9579,0.741,0.951,8e-05,"[[500, 250, 125]]"
14,0.2608,0.1871,0.5416,0.9823,0.6982,0.938,4e-05,"[[500, 250, 125]]"
15,0.2289,0.1847,0.619,0.9512,0.75,0.953,4e-05,"[[500, 250, 125]]"
16,0.2166,0.1828,0.5503,0.9823,0.7054,0.94,4e-05,"[[500, 250, 125]]"
17,0.2132,0.2145,0.5476,0.9557,0.6963,0.939,4e-05,"[[500, 250, 125]]"
18,0.2094,0.1727,0.5629,0.9823,0.7157,0.943,4e-05,"[[500, 250, 125]]"
19,0.2098,0.1784,0.627,0.9468,0.7544,0.955,4e-05,"[[500, 250, 125]]"
20,0.2023,0.2194,0.6152,0.918,0.7367,0.952,4e-05,"[[500, 250, 125]]"
1,0.846,0.6794,0.2119,0.8004,0.335,0.767,8e-05,"[[600, 300, 150]]"
2,0.6272,0.4004,0.3103,0.9468,0.4674,0.842,8e-05,"[[600, 300, 150]]"
3,0.5283,0.5038,0.2699,0.9113,0.4164,0.813,8e-05,"[[600, 300, 150]]"
4,0.4532,0.503,0.5136,0.7118,0.5967,0.929,8e-05,"[[600, 300, 150]]"
5,0.3859,0.2997,0.3882,0.9933,0.5583,0.885,8e-05,"[[600, 300, 150]]"
6,0.3549,0.6326,0.8174,0.6053,0.6955,0.961,8e-05,"[[600, 300, 150]]"
7,0.325,0.3752,0.4246,0.8803,0.5729,0.904,8e-05,"[[600, 300, 150]]"
8,0.3282,0.2447,0.6898,0.9024,0.7819,0.963,8e-05,"[[600, 300, 150]]"
9,0.3083,0.25,0.4892,0.9534,0.6466,0.924,8e-05,"[[600, 300, 150]]"
10,0.3042,0.255,0.6612,0.8869,0.7576,0.958,8e-05,"[[600, 300, 150]]"
11,0.306,0.2148,0.6307,0.9202,0.7484,0.955,8e-05,"[[600, 300, 150]]"
12,0.2872,0.2254,0.4855,0.9667,0.6464,0.922,8e-05,"[[600, 300, 150]]"
13,0.2791,0.3353,0.7154,0.847,0.7756,0.964,8e-05,"[[600, 300, 150]]"
14,0.2625,0.2533,0.4826,0.9512,0.6403,0.922,4e-05,"[[600, 300, 150]]"
15,0.2445,0.2581,0.7421,0.8803,0.8053,0.969,4e-05,"[[600, 300, 150]]"
16,0.231,0.1933,0.5371,0.98,0.6939,0.937,4e-05,"[[600, 300, 150]]"
17,0.2273,0.1743,0.612,0.969,0.7502,0.953,4e-05,"[[600, 300, 150]]"
18,0.2271,0.1632,0.6033,0.9712,0.7443,0.951,4e-05,"[[600, 300, 150]]"
19,0.2173,0.1931,0.6452,0.9557,0.7703,0.958,4e-05,"[[600, 300, 150]]"
20,0.2172,0.1618,0.6016,0.9712,0.743,0.951,4e-05,"[[600, 300, 150]]"
1,0.8273,0.6216,0.5143,0.6364,0.5689,0.929,8e-05,"[[700, 350, 175]]"
2,0.6665,0.8874,0.1518,0.9956,0.2635,0.592,8e-05,"[[700, 350, 175]]"
3,0.5058,0.3862,0.3365,0.9512,0.4971,0.859,8e-05,"[[700, 350, 175]]"
4,0.4491,0.6173,0.1999,0.9978,0.3331,0.707,8e-05,"[[700, 350, 175]]"
5,0.4082,0.3662,0.4729,0.8714,0.6131,0.919,8e-05,"[[700, 350, 175]]"
6,0.3665,0.3603,0.643,0.7827,0.706,0.952,8e-05,"[[700, 350, 175]]"
7,0.3452,0.402,0.7227,0.7627,0.7422,0.961,8e-05,"[[700, 350, 175]]"
8,0.3329,0.2714,0.5618,0.9268,0.6996,0.942,8e-05,"[[700, 350, 175]]"
9,0.3115,0.3181,0.5479,0.8492,0.6661,0.938,8e-05,"[[700, 350, 175]]"
10,0.3019,0.3496,0.6711,0.7871,0.7245,0.956,8e-05,"[[700, 350, 175]]"
11,0.2884,0.2372,0.5942,0.9157,0.7208,0.948,8e-05,"[[700, 350, 175]]"
12,0.283,0.2408,0.4571,0.9911,0.6256,0.913,8e-05,"[[700, 350, 175]]"
13,0.2751,0.5024,0.2859,0.9845,0.4431,0.819,4e-05,"[[700, 350, 175]]"
14,0.2456,0.2457,0.5028,0.98,0.6647,0.927,4e-05,"[[700, 350, 175]]"
15,0.2293,0.1913,0.6605,0.949,0.7789,0.96,4e-05,"[[700, 350, 175]]"
16,0.2358,0.2482,0.6069,0.9313,0.7349,0.951,4e-05,"[[700, 350, 175]]"
17,0.2391,0.2943,0.6397,0.878,0.7402,0.955,4e-05,"[[700, 350, 175]]"
18,0.2294,0.2003,0.5879,0.949,0.726,0.947,4e-05,"[[700, 350, 175]]"
19,0.217,0.2311,0.7161,0.8891,0.7933,0.966,4e-05,"[[700, 350, 175]]"
20,0.2145,0.2509,0.622,0.9047,0.7371,0.953,4e-05,"[[700, 350, 175]]"
1,0.8747,0.5819,0.2358,0.8647,0.3705,0.785,8e-05,"[[800, 400, 200]]"
2,0.69,0.4823,0.2719,0.9424,0.422,0.811,8e-05,"[[800, 400, 200]]"
3,0.5774,0.3544,0.5394,0.8204,0.6508,0.935,8e-05,"[[800, 400, 200]]"
4,0.4633,0.3479,0.3944,0.9401,0.5557,0.89,8e-05,"[[800, 400, 200]]"
5,0.4002,0.2723,0.5542,0.918,0.6912,0.94,8e-05,"[[800, 400, 200]]"
6,0.407,0.3216,0.4176,0.949,0.5799,0.899,8e-05,"[[800, 400, 200]]"
7,0.336,0.3218,0.6883,0.8226,0.7495,0.96,8e-05,"[[800, 400, 200]]"
8,0.325,0.2945,0.5229,0.9113,0.6645,0.933,8e-05,"[[800, 400, 200]]"
9,0.3258,0.9072,0.8667,0.4035,0.5507,0.952,8e-05,"[[800, 400, 200]]"
10,0.3119,0.2732,0.4807,0.9401,0.6362,0.921,8e-05,"[[800, 400, 200]]"
11,0.3095,0.2327,0.4966,0.98,0.6592,0.926,8e-05,"[[800, 400, 200]]"
12,0.2883,0.2161,0.5223,0.9601,0.6766,0.933,8e-05,"[[800, 400, 200]]"
13,0.2713,0.2473,0.6009,0.9246,0.7284,0.949,4e-05,"[[800, 400, 200]]"
14,0.2471,0.3443,0.7429,0.8137,0.7767,0.966,4e-05,"[[800, 400, 200]]"
15,0.2484,0.2574,0.4525,0.9712,0.6173,0.912,4e-05,"[[800, 400, 200]]"
16,0.2453,0.242,0.7063,0.8958,0.7898,0.965,4e-05,"[[800, 400, 200]]"
17,0.2233,0.2391,0.7352,0.8559,0.791,0.967,4e-05,"[[800, 400, 200]]"
18,0.2268,0.1886,0.5871,0.9712,0.7318,0.948,4e-05,"[[800, 400, 200]]"
19,0.2255,0.2161,0.705,0.9113,0.795,0.966,4e-05,"[[800, 400, 200]]"
20,0.2161,0.2268,0.6157,0.9202,0.7378,0.952,4e-05,"[[800, 400, 200]]"
1,0.8682,0.648,0.1871,0.9313,0.3116,0.698,8e-05,"[[900, 450, 225]]"
2,0.6704,0.4785,0.3001,0.9468,0.4557,0.834,8e-05,"[[900, 450, 225]]"
3,0.5645,0.4135,0.3126,0.9601,0.4717,0.842,8e-05,"[[900, 450, 225]]"
4,0.4799,0.5118,0.2334,0.9557,0.3751,0.766,8e-05,"[[900, 450, 225]]"
5,0.4191,0.3083,0.4302,0.949,0.592,0.904,8e-05,"[[900, 450, 225]]"
6,0.3868,0.3193,0.6359,0.8404,0.724,0.953,8e-05,"[[900, 450, 225]]"
7,0.3523,0.4055,0.7231,0.7295,0.7263,0.96,8e-05,"[[900, 450, 225]]"
8,0.3404,0.2559,0.4484,0.9823,0.6157,0.91,8e-05,"[[900, 450, 225]]"
9,0.3218,0.4809,0.8156,0.6475,0.7219,0.963,8e-05,"[[900, 450, 225]]"
10,0.2998,0.3693,0.3447,0.9845,0.5106,0.862,8e-05,"[[900, 450, 225]]"
11,0.3069,0.4228,0.8342,0.6918,0.7564,0.967,8e-05,"[[900, 450, 225]]"
12,0.2917,0.3425,0.6491,0.7916,0.7133,0.953,8e-05,"[[900, 450, 225]]"
13,0.3023,0.3205,0.6898,0.8381,0.7568,0.96,8e-05,"[[900, 450, 225]]"
14,0.2798,0.2422,0.59,0.9157,0.7176,0.947,8e-05,"[[900, 450, 225]]"
15,0.2753,0.2489,0.4362,0.9933,0.6062,0.905,8e-05,"[[900, 450, 225]]"
16,0.2637,0.3193,0.4783,0.9047,0.6258,0.921,8e-05,"[[900, 450, 225]]"
17,0.2822,0.2826,0.7276,0.847,0.7828,0.966,8e-05,"[[900, 450, 225]]"
18,0.2703,0.2158,0.5182,0.9778,0.6774,0.932,8e-05,"[[900, 450, 225]]"
19,0.2518,0.2001,0.5677,0.9667,0.7153,0.944,8e-05,"[[900, 450, 225]]"
20,0.2447,0.2139,0.6186,0.9313,0.7434,0.953,8e-05,"[[900, 450, 225]]"
1,0.8699,0.6378,0.1864,0.9401,0.3111,0.695,8e-05,"[[1000, 500, 250]]"
2,0.6912,0.4856,0.3225,0.8603,0.4692,0.857,8e-05,"[[1000, 500, 250]]"
3,0.5672,0.5327,0.4848,0.6741,0.564,0.924,8e-05,"[[1000, 500, 250]]"
4,0.4962,0.4639,0.4179,0.8071,0.5507,0.903,8e-05,"[[1000, 500, 250]]"
5,0.4493,0.3726,0.5033,0.847,0.6314,0.927,8e-05,"[[1000, 500, 250]]"
6,0.3658,0.2902,0.398,0.9823,0.5665,0.89,8e-05,"[[1000, 500, 250]]"
7,0.3473,0.2831,0.4159,0.9867,0.5851,0.897,8e-05,"[[1000, 500, 250]]"
8,0.3218,0.3059,0.3848,0.9734,0.5515,0.884,8e-05,"[[1000, 500, 250]]"
9,0.32,0.2676,0.5558,0.9379,0.698,0.94,8e-05,"[[1000, 500, 250]]"
10,0.3254,0.2603,0.5879,0.8825,0.7057,0.946,8e-05,"[[1000, 500, 250]]"
11,0.3161,0.2637,0.4898,0.9579,0.6482,0.924,8e-05,"[[1000, 500, 250]]"
12,0.2995,0.7291,0.2074,0.9956,0.3433,0.721,8e-05,"[[1000, 500, 250]]"
13,0.2847,0.2662,0.4402,0.9712,0.6058,0.907,8e-05,"[[1000, 500, 250]]"
14,0.2721,0.3579,0.495,0.8736,0.6319,0.925,8e-05,"[[1000, 500, 250]]"
15,0.2796,0.2458,0.6464,0.9202,0.7594,0.957,8e-05,"[[1000, 500, 250]]"
16,0.281,0.2218,0.4966,0.98,0.6592,0.926,8e-05,"[[1000, 500, 250]]"
17,0.2624,0.4276,0.3101,0.9667,0.4696,0.84,8e-05,"[[1000, 500, 250]]"
18,0.2579,0.1804,0.658,0.9512,0.7779,0.96,8e-05,"[[1000, 500, 250]]"
19,0.3103,0.4363,0.7664,0.7273,0.7463,0.964,8e-05,"[[1000, 500, 250]]"
20,0.2431,0.2488,0.4965,0.9468,0.6514,0.926,8e-05,"[[1000, 500, 250]]"
1,0.9007,0.5223,0.4377,0.7406,0.5502,0.911,8e-05,"[[1100, 550, 275]]"
2,0.7175,0.525,0.352,0.796,0.4881,0.878,8e-05,"[[1100, 550, 275]]"
3,0.5806,0.3804,0.3724,0.9224,0.5306,0.88,8e-05,"[[1100, 550, 275]]"
4,0.483,0.517,0.4222,0.8248,0.5586,0.904,8e-05,"[[1100, 550, 275]]"
5,0.4055,0.4077,0.7002,0.7406,0.7198,0.958,8e-05,"[[1100, 550, 275]]"
6,0.4003,0.2994,0.3984,0.9823,0.5669,0.89,8e-05,"[[1100, 550, 275]]"
7,0.351,0.2404,0.5785,0.9313,0.7137,0.945,8e-05,"[[1100, 550, 275]]"
8,0.3575,0.5222,0.7269,0.6962,0.7112,0.959,8e-05,"[[1100, 550, 275]]"
9,0.3403,0.9782,0.8392,0.4745,0.6062,0.955,8e-05,"[[1100, 550, 275]]"
10,0.3158,0.2372,0.5266,0.9446,0.6762,0.934,8e-05,"[[1100, 550, 275]]"
11,0.3082,0.5527,0.2535,0.9911,0.4038,0.785,4e-05,"[[1100, 550, 275]]"
12,0.2699,0.2183,0.4632,0.9911,0.6314,0.915,4e-05,"[[1100, 550, 275]]"
13,0.2649,0.2609,0.4644,0.9557,0.6251,0.916,4e-05,"[[1100, 550, 275]]"
14,0.2505,0.2153,0.6593,0.9268,0.7705,0.96,4e-05,"[[1100, 550, 275]]"
15,0.2501,0.2474,0.4384,0.9778,0.6054,0.906,4e-05,"[[1100, 550, 275]]"
16,0.2458,0.2289,0.5749,0.9446,0.7148,0.945,4e-05,"[[1100, 550, 275]]"
17,0.2402,0.3004,0.68,0.867,0.7622,0.96,4e-05,"[[1100, 550, 275]]"
18,0.2393,0.2698,0.5598,0.9135,0.6942,0.941,4e-05,"[[1100, 550, 275]]"
19,0.2367,0.2117,0.5956,0.9534,0.7332,0.949,4e-05,"[[1100, 550, 275]]"
20,0.2266,0.1933,0.5886,0.9645,0.7311,0.948,2e-05,"[[1100, 550, 275]]"
1,0.8678,0.568,0.2574,0.8537,0.3955,0.809,8e-05,"[[1200, 600, 300]]"
2,0.7042,0.5881,0.2229,0.8803,0.3557,0.766,8e-05,"[[1200, 600, 300]]"
3,0.5868,0.404,0.3182,0.9623,0.4782,0.846,8e-05,"[[1200, 600, 300]]"
4,0.5119,0.7327,0.7906,0.4856,0.6016,0.953,8e-05,"[[1200, 600, 300]]"
5,0.4475,0.3451,0.5597,0.8315,0.669,0.94,8e-05,"[[1200, 600, 300]]"
6,0.4039,0.2536,0.5097,0.9335,0.6594,0.929,8e-05,"[[1200, 600, 300]]"
7,0.3641,0.6133,0.2132,1.0,0.3515,0.729,8e-05,"[[1200, 600, 300]]"
8,0.3619,0.5114,0.6745,0.7029,0.6884,0.953,8e-05,"[[1200, 600, 300]]"
9,0.3417,0.2383,0.537,0.9335,0.6818,0.936,8e-05,"[[1200, 600, 300]]"
10,0.3313,0.2434,0.5828,0.929,0.7162,0.946,8e-05,"[[1200, 600, 300]]"
11,0.3298,0.3277,0.5879,0.8381,0.691,0.945,8e-05,"[[1200, 600, 300]]"
12,0.2992,0.264,0.6628,0.8803,0.7562,0.958,8e-05,"[[1200, 600, 300]]"
13,0.298,0.4085,0.7494,0.7494,0.7494,0.963,8e-05,"[[1200, 600, 300]]"
14,0.2843,0.3198,0.7537,0.7938,0.7732,0.966,8e-05,"[[1200, 600, 300]]"
15,0.2796,0.2136,0.5882,0.9313,0.721,0.947,8e-05,"[[1200, 600, 300]]"
16,0.2806,0.4228,0.6905,0.7716,0.7288,0.958,8e-05,"[[1200, 600, 300]]"
17,0.2746,0.2379,0.6229,0.9157,0.7415,0.953,8e-05,"[[1200, 600, 300]]"
18,0.2687,0.2541,0.5589,0.9468,0.7029,0.941,8e-05,"[[1200, 600, 300]]"
19,0.2689,0.298,0.7185,0.8603,0.783,0.965,8e-05,"[[1200, 600, 300]]"
20,0.2439,0.2182,0.517,0.9756,0.6759,0.931,8e-05,"[[1200, 600, 300]]"
1,0.8864,0.5985,0.2122,0.9113,0.3442,0.745,8e-05,"[[1300, 650, 325]]"
2,0.7348,0.6124,0.2088,0.9379,0.3415,0.735,8e-05,"[[1300, 650, 325]]"
3,0.6206,0.4058,0.4031,0.8581,0.5485,0.896,8e-05,"[[1300, 650, 325]]"
4,0.5311,0.5112,0.2426,0.9512,0.3867,0.779,8e-05,"[[1300, 650, 325]]"
5,0.4778,0.6876,0.205,0.9712,0.3385,0.722,8e-05,"[[1300, 650, 325]]"
6,0.418,0.2821,0.5661,0.9024,0.6957,0.942,8e-05,"[[1300, 650, 325]]"
7,0.393,0.5269,0.3353,0.8758,0.485,0.864,8e-05,"[[1300, 650, 325]]"
8,0.357,0.3668,0.6212,0.8071,0.702,0.95,8e-05,"[[1300, 650, 325]]"
9,0.3281,0.2873,0.4606,0.9468,0.6197,0.915,8e-05,"[[1300, 650, 325]]"
10,0.321,0.2602,0.5884,0.9224,0.7185,0.947,8e-05,"[[1300, 650, 325]]"
11,0.3189,0.2864,0.5653,0.8736,0.6864,0.941,8e-05,"[[1300, 650, 325]]"
12,0.3016,0.2674,0.5148,0.9268,0.6619,0.931,8e-05,"[[1300, 650, 325]]"
13,0.3074,0.2397,0.6421,0.9069,0.7518,0.956,8e-05,"[[1300, 650, 325]]"
14,0.2836,0.2411,0.5561,0.9224,0.6939,0.94,8e-05,"[[1300, 650, 325]]"
15,0.2758,0.4899,0.8026,0.6851,0.7392,0.965,8e-05,"[[1300, 650, 325]]"
16,0.2816,0.2368,0.6023,0.9202,0.7281,0.95,8e-05,"[[1300, 650, 325]]"
17,0.2839,0.235,0.5554,0.9446,0.6995,0.94,8e-05,"[[1300, 650, 325]]"
18,0.2512,0.2434,0.6581,0.9091,0.7635,0.959,8e-05,"[[1300, 650, 325]]"
19,0.2485,0.4093,0.7517,0.7384,0.745,0.963,8e-05,"[[1300, 650, 325]]"
20,0.2671,0.2941,0.5615,0.9002,0.6917,0.941,8e-05,"[[1300, 650, 325]]"
1,0.8775,0.7211,0.3794,0.5787,0.4583,0.9,8e-05,"[[1400, 700, 350]]"
2,0.7458,0.5322,0.5423,0.6962,0.6097,0.935,8e-05,"[[1400, 700, 350]]"
3,0.6498,1.0884,0.1115,0.9956,0.2005,0.418,8e-05,"[[1400, 700, 350]]"
4,0.5637,0.4351,0.3336,0.9202,0.4897,0.859,8e-05,"[[1400, 700, 350]]"
5,0.4865,0.5581,0.2531,0.8736,0.3924,0.802,8e-05,"[[1400, 700, 350]]"
6,0.432,0.3121,0.577,0.8803,0.6971,0.944,8e-05,"[[1400, 700, 350]]"
7,0.3818,0.4421,0.5117,0.8226,0.631,0.929,8e-05,"[[1400, 700, 350]]"
8,0.3799,0.3958,0.4451,0.8359,0.5809,0.912,8e-05,"[[1400, 700, 350]]"
9,0.3564,0.2791,0.4334,0.9734,0.5997,0.905,8e-05,"[[1400, 700, 350]]"
10,0.3273,0.3171,0.4007,0.949,0.5635,0.892,8e-05,"[[1400, 700, 350]]"
11,0.3198,0.2629,0.691,0.8825,0.7751,0.962,8e-05,"[[1400, 700, 350]]"
12,0.3044,0.2617,0.5754,0.9224,0.7087,0.944,8e-05,"[[1400, 700, 350]]"
13,0.3063,0.5752,0.6465,0.7583,0.698,0.952,8e-05,"[[1400, 700, 350]]"
14,0.2884,0.269,0.6771,0.8647,0.7595,0.96,8e-05,"[[1400, 700, 350]]"
15,0.2844,0.3977,0.3801,0.9135,0.5368,0.884,8e-05,"[[1400, 700, 350]]"
16,0.2802,0.3218,0.3809,0.9534,0.5443,0.883,8e-05,"[[1400, 700, 350]]"
17,0.2836,0.3283,0.4163,0.9268,0.5746,0.899,4e-05,"[[1400, 700, 350]]"
18,0.2375,0.2667,0.6939,0.8847,0.7778,0.963,4e-05,"[[1400, 700, 350]]"
19,0.2252,0.2574,0.5429,0.9268,0.6847,0.937,4e-05,"[[1400, 700, 350]]"
20,0.2225,0.193,0.6071,0.949,0.7405,0.951,4e-05,"[[1400, 700, 350]]"
1,0.8894,0.5328,0.2922,0.8248,0.4316,0.841,8e-05,"[[1500, 750, 375]]"
2,0.7579,0.588,0.2224,0.898,0.3565,0.762,8e-05,"[[1500, 750, 375]]"
3,0.6451,0.4634,0.3328,0.8537,0.4789,0.864,8e-05,"[[1500, 750, 375]]"
4,0.5461,0.4162,0.3493,0.8891,0.5016,0.87,8e-05,"[[1500, 750, 375]]"
5,0.4773,0.3959,0.5952,0.7694,0.6712,0.945,8e-05,"[[1500, 750, 375]]"
6,0.4271,0.3754,0.3203,0.9956,0.4846,0.845,8e-05,"[[1500, 750, 375]]"
7,0.3764,0.332,0.5142,0.8847,0.6504,0.93,8e-05,"[[1500, 750, 375]]"
8,0.3761,0.3055,0.7301,0.7916,0.7596,0.963,8e-05,"[[1500, 750, 375]]"
9,0.347,0.5647,0.5582,0.6696,0.6089,0.937,8e-05,"[[1500, 750, 375]]"
10,0.4765,0.9692,0.8706,0.388,0.5368,0.951,8e-05,"[[1500, 750, 375]]"
11,0.4136,0.3765,0.3762,0.9202,0.5341,0.882,8e-05,"[[1500, 750, 375]]"
12,0.3427,0.4746,0.5986,0.7605,0.6699,0.945,8e-05,"[[1500, 750, 375]]"
13,0.3344,0.4255,0.4619,0.7672,0.5767,0.917,8e-05,"[[1500, 750, 375]]"
14,0.2984,0.3033,0.6314,0.8736,0.733,0.953,4e-05,"[[1500, 750, 375]]"
15,0.2696,0.6779,0.8737,0.5676,0.6882,0.962,4e-05,"[[1500, 750, 375]]"
16,0.2557,0.4495,0.6686,0.7783,0.7193,0.955,4e-05,"[[1500, 750, 375]]"
17,0.2529,0.1876,0.5863,0.9645,0.7293,0.947,4e-05,"[[1500, 750, 375]]"
18,0.2395,0.3301,0.6904,0.816,0.748,0.96,4e-05,"[[1500, 750, 375]]"
19,0.2606,0.1968,0.5863,0.9645,0.7293,0.947,4e-05,"[[1500, 750, 375]]"
20,0.243,0.3096,0.7799,0.8248,0.8017,0.97,4e-05,"[[1500, 750, 375]]"
